"","Muni_Heb","Muni_Eng","Machoz","long","lat"
"1","<U+00E0><U+00E1><U+00E5> <U+00E2><U+00E5><U+00F9>","Abu Gosh (Abu Rosh)","<U+00E9><U+00F8><U+00E5><U+00F9><U+00EC><U+00E9><U+00ED>",35.108547912618,31.8069285727346
"2","<U+00E0><U+00E1><U+00E5> <U+00F1><U+00F0><U+00E0><U+00EF>","Abu Snan","<U+00F6><U+00F4><U+00E5><U+00EF>",35.1617406682843,32.9639846270211
"3","<U+00E0><U+00E1><U+00EF> <U+00E9><U+00E4><U+00E5><U+00E3><U+00E4>","Even Yehuda","<U+00EE><U+00F8><U+00EB><U+00E6>",34.8838417038148,32.2680249850954
"4","<U+00E0><U+00E5><U+00ED> <U+00E0><U+00EC> <U+00F4><U+00E7><U+00ED>","Um al Fahem","<U+00E7><U+00E9><U+00F4><U+00E4>",35.1517046072471,32.5290861383183
"5","<U+00E0><U+00E5><U+00F4>º<U+00E9><U+00ED>","Ofakim","<U+00E3><U+00F8><U+00E5><U+00ED>",34.6249629023486,31.3069671198614
"6","<U+00E0><U+00E5><U+00F8> <U+00E9><U+00E4><U+00E5><U+00E3><U+00E4>","Or Yehuda","<U+00FA><U+00EC> <U+00E0><U+00E1><U+00E9><U+00E1>",34.8518258263122,32.0284056196744
"7","<U+00E0><U+00E5><U+00F8> <U+00F2>º<U+00E9><U+00E1><U+00E0>","Or Akiva","<U+00E7><U+00E9><U+00F4><U+00E4>",34.9220213425684,32.5066031191537
"8","<U+00E0><U+00E6><U+00E5><U+00F8>","Azor","<U+00FA><U+00EC> <U+00E0><U+00E1><U+00E9><U+00E1>",34.807752001067,32.0232882899285
"9","<U+00E0><U+00E9><U+00EC><U+00FA>","Eilat","<U+00E3><U+00F8><U+00E5><U+00ED>",34.9382590104805,29.5806504800424
"10","<U+00E0><U+00EB><U+00F1><U+00E0><U+00EC>","Iksal","<U+00F6><U+00F4><U+00E5><U+00EF>",35.3307262225884,32.6736168591071
"11","<U+00E0><U+00EC> <U+00E1><U+00E8><U+00E5><U+00F3>","al Batuf","<U+00F6><U+00F4><U+00E5><U+00EF>",35.3335193650696,32.7896380613148
"12","<U+00E0><U+00EC> º<U+00F1><U+00E5><U+00ED>","al Kasum","<U+00E3><U+00F8><U+00E5><U+00ED>",34.9766650881696,31.2775312839112
"13","<U+00E0><U+00EC><U+00E5><U+00F0><U+00E4>","Alona","<U+00E7><U+00E9><U+00F4><U+00E4>",35.0203846271043,32.5561261247011
"14","<U+00E0><U+00EC><U+00E9><U+00EB><U+00E9><U+00EF>","Elyahin","<U+00EE><U+00F8><U+00EB><U+00E6>",34.9218090814698,32.408307062002
"15","<U+00E0><U+00EC><U+00F2><U+00E3>","El'ad","<U+00EE><U+00F8><U+00EB><U+00E6>",34.9564902818233,32.0518401363577
"16","<U+00E0><U+00F2><U+00E1><U+00EC><U+00E9><U+00EF>","I'eblin","<U+00F6><U+00F4><U+00E5><U+00EF>",35.1794440096697,32.829228165299
"17","<U+00E0><U+00F9><U+00E3><U+00E5><U+00E3>","Ashdod","<U+00E3><U+00F8><U+00E5><U+00ED>",34.6573457782142,31.8089784128615
"18","<U+00E0><U+00F9><U+00EB><U+00E5><U+00EC>","Eshkol","<U+00E3><U+00F8><U+00E5><U+00ED>",34.4291558610812,31.2270629109117
"19","<U+00E0><U+00F9>º<U+00EC><U+00E5><U+00EF>","Ashkelon","<U+00E3><U+00F8><U+00E5><U+00ED>",34.5683758815428,31.6656895090091
"20","<U+00E1><U+00E0><U+00F8> <U+00E8><U+00E5><U+00E1><U+00E9><U+00E4>","Be'er Tuvya","<U+00E3><U+00F8><U+00E5><U+00ED>",34.7168927500196,31.7441840854257
"21","<U+00E1><U+00E0><U+00F8> <U+00E9><U+00F2>º<U+00E1>","Be'er Ya'akov","<U+00EE><U+00F8><U+00EB><U+00E6>",34.840525809715,31.9437632353502
"22","<U+00E1><U+00E0><U+00F8> <U+00F9><U+00E1><U+00F2>","Be'er Sheva","<U+00E3><U+00F8><U+00E5><U+00ED>",34.7885118303429,31.2570448013802
"23","<U+00E1><U+00E0>º<U+00E4> <U+00E0><U+00EC> <U+00E2><U+00F8><U+00E1><U+00E9><U+00E9><U+00E4> (<U+00E1><U+00E0>º<U+00E4> <U+00E0><U+00EC> <U+00F8><U+00F8><U+00E1><U+00E9>","Baka al Rarbiya","<U+00E7><U+00E9><U+00F4><U+00E4>",35.0404370837987,32.4205939144261
"24","<U+00E1><U+00E5><U+00F1><U+00FA><U+00E0><U+00EF> <U+00E0><U+00EC> <U+00EE><U+00F8><U+00E2>'","Bustan al Marj","<U+00F6><U+00F4><U+00E5><U+00EF>",35.3812756215355,32.6304115129177
"25","<U+00E1><U+00E5><U+00F2><U+00E9><U+00E9><U+00F0><U+00E4> - <U+00F0><U+00E5><U+00E2>'<U+00E9><U+00E3><U+00E0><U+00FA>","Bu'eyne - Nujidat","<U+00F6><U+00F4><U+00E5><U+00EF>",35.3695814801444,32.8120661922024
"26","<U+00E1><U+00E5>º<U+00F2><U+00E0><U+00FA><U+00E0>","Buk'ata","<U+00F6><U+00F4><U+00E5><U+00EF>",35.7821156643033,33.2079727567048
"27","<U+00E1><U+00E9><U+00F8> <U+00E0><U+00EC> <U+00EE><U+00EB><U+00F1><U+00E5><U+00F8>","Bir al Maksur","<U+00F6><U+00F4><U+00E5><U+00EF>",35.2232324115354,32.7846004965784
"28","<U+00E1><U+00E9><U+00FA> <U+00E2>'<U+00EF>","Beit Jan","<U+00F6><U+00F4><U+00E5><U+00EF>",35.3807766090843,32.9657278898381
"29","<U+00E1><U+00E9><U+00FA> <U+00E3><U+00E2><U+00EF>","Beit Dagan","<U+00EE><U+00F8><U+00EB><U+00E6>",34.8298965763091,31.999712619807
"30","<U+00E1><U+00E9><U+00FA> <U+00F9><U+00E0><U+00EF>","Beit She'an","<U+00F6><U+00F4><U+00E5><U+00EF>",35.5005354617232,32.4991154738595
"31","<U+00E1><U+00E9><U+00FA> <U+00F9><U+00EE><U+00F9>","Beit Shemesh","<U+00E9><U+00F8><U+00E5><U+00F9><U+00EC><U+00E9><U+00ED>",34.9824761968093,31.7269771676703
"32","<U+00E1><U+00F0><U+00E9> <U+00E1><U+00F8>º","Bnei Berak","<U+00FA><U+00EC> <U+00E0><U+00E1><U+00E9><U+00E1>",34.8359583764702,32.090165586313
"33","<U+00E1><U+00F0><U+00E9> <U+00F2><U+00E9>""<U+00F9>","Bnei Ayish","<U+00EE><U+00F8><U+00EB><U+00E6>",34.761127869409,31.7911706408369
"34","<U+00E1><U+00F0><U+00E9> <U+00F9><U+00EE><U+00F2><U+00E5><U+00EF>","Bnei Shim'on","<U+00E3><U+00F8><U+00E5><U+00ED>",34.7745873683139,31.3445283600068
"35","<U+00E1><U+00F0><U+00E9><U+00EE><U+00E9><U+00F0><U+00E4> - <U+00E2><U+00E1><U+00F2><U+00FA> <U+00F2><U+00E3><U+00E4>","Binyamina - Giv'at Ada","<U+00E7><U+00E9><U+00F4><U+00E4>",34.9690707318787,32.5185464900881
"36","<U+00E1><U+00F1><U+00EE>""<U+00E4>","Basma","<U+00E7><U+00E9><U+00F4><U+00E4>",35.1017734954441,32.5170307865466
"37","<U+00E1><U+00F1><U+00EE><U+00FA> <U+00E8><U+00E1><U+00F2><U+00E5><U+00EF>","Basmat Tivon","<U+00F6><U+00F4><U+00E5><U+00EF>",35.1473653578127,32.740766823396
"38","<U+00E1><U+00F2><U+00F0><U+00E4>","Ba'ana","<U+00F6><U+00F4><U+00E5><U+00EF>",35.2814173152972,32.9293149602046
"39","<U+00E1><U+00F8><U+00F0><U+00F8>","Brener","<U+00EE><U+00F8><U+00EB><U+00E6>",34.7913909166213,31.8455996964562
"40","<U+00E1><U+00FA> <U+00E9><U+00ED>","Bat Yam","<U+00FA><U+00EC> <U+00E0><U+00E1><U+00E9><U+00E1>",34.7491411242359,32.0140615073133
"41","<U+00E2>'<U+00E3><U+00E9><U+00E9><U+00E3><U+00E4> - <U+00EE><U+00EB><U+00F8>","Jdeyde - Ma'ker","<U+00F6><U+00F4><U+00E5><U+00EF>",35.1424720003788,32.9326959239072
"42","<U+00E2>'<U+00E5><U+00EC><U+00E9><U+00F1>","Julis","<U+00F6><U+00F4><U+00E5><U+00EF>",35.1812343443223,32.9408602764245
"43","<U+00E2>'<U+00EC><U+00E2>'<U+00E5><U+00EC><U+00E9><U+00E4>","Jaljulya","<U+00EE><U+00F8><U+00EB><U+00E6>",34.9487491565451,32.1496925685213
"44","<U+00E2>'<U+00F1><U+00F8> <U+00E0>-<U+00E6><U+00F8>º<U+00E0>","Jiser a Zarka","<U+00E7><U+00E9><U+00F4><U+00E4>",34.9100566585932,32.5370072279125
"45","<U+00E2>'<U+00FA>","jat","<U+00E7><U+00E9><U+00F4><U+00E4>",35.0300631912648,32.4024688884335
"46","<U+00E2><U+00E1><U+00F2><U+00FA> <U+00F9><U+00EE><U+00E5><U+00E0><U+00EC>","Giv'at Shemuel","<U+00EE><U+00F8><U+00EB><U+00E6>",34.8518432391415,32.0770616016562
"47","<U+00E2><U+00E1><U+00F2><U+00FA><U+00E9><U+00E9><U+00ED>","Giv'atayim","<U+00FA><U+00EC> <U+00E0><U+00E1><U+00E9><U+00E1>",34.810467686384,32.070420219848
"48","<U+00E2><U+00E3><U+00F8><U+00E4>","Gedera","<U+00EE><U+00F8><U+00EB><U+00E6>",34.7773672714489,31.8149280514395
"49","<U+00E2><U+00E3><U+00F8><U+00E5><U+00FA>","Gderot","<U+00EE><U+00F8><U+00EB><U+00E6>",34.7364045877199,31.8233444723551
"50","<U+00E2><U+00E5><U+00EC><U+00EF>","Golan","<U+00F6><U+00F4><U+00E5><U+00EF>",35.7411304064747,33.0006984790142
"51","<U+00E2><U+00E5><U+00F9> <U+00E7><U+00EC><U+00E1> (<U+00E2>'<U+00E9><U+00F9>)","Jish (Gush Halav)","<U+00F6><U+00F4><U+00E5><U+00EF>",35.4350469430328,33.0228814370418
"52","<U+00E2><U+00E6><U+00F8>","Gezer","<U+00EE><U+00F8><U+00EB><U+00E6>",34.8925737093306,31.8718275539945
"53","<U+00E2><U+00EF> <U+00E9><U+00E1><U+00F0><U+00E4>","Gan Yavne","<U+00EE><U+00F8><U+00EB><U+00E6>",34.7027444295662,31.7875363390707
"54","<U+00E2><U+00EF> <U+00F8><U+00E5><U+00E4>","Gan Ra've","<U+00EE><U+00F8><U+00EB><U+00E6>",34.7419823708326,31.9190125171573
"55","<U+00E2><U+00F0><U+00E9> <U+00FA>º<U+00E5><U+00E5><U+00E4>","Ganei Tikva","<U+00EE><U+00F8><U+00EB><U+00E6>",34.8741087034639,32.0622684972768
"56","<U+00E3><U+00E0><U+00EC><U+00E9><U+00FA> <U+00E0><U+00EC> <U+00EB><U+00F8><U+00EE><U+00EC>","Daliat al Carmel","<U+00E7><U+00E9><U+00F4><U+00E4>",35.0505804748477,32.6942961674055
"57","<U+00E3><U+00E1><U+00E5><U+00F8><U+00E9><U+00E4>","Daburiya","<U+00F6><U+00F4><U+00E5><U+00EF>",35.3674864527066,32.6893244432019
"58","<U+00E3><U+00E9><U+00EE><U+00E5><U+00F0><U+00E4>","Dimona","<U+00E3><U+00F8><U+00E5><U+00ED>",35.0801969468793,31.0553070275183
"59","<U+00E3><U+00E9><U+00F8> <U+00E0><U+00EC> <U+00E0><U+00F1><U+00E3>","Dir al Asad","<U+00F6><U+00F4><U+00E5><U+00EF>",35.2676527178378,32.9409662282654
"60","<U+00E3><U+00E9><U+00F8> <U+00E7><U+00F0><U+00E0>","Dir Hana","<U+00F6><U+00F4><U+00E5><U+00EF>",35.3683717096397,32.8647856756964
"61","<U+00E3><U+00F8><U+00E5><U+00ED> <U+00E4><U+00F9><U+00F8><U+00E5><U+00EF>","Drom Hasharon","<U+00EE><U+00F8><U+00EB><U+00E6>",34.934575056416,32.151707180086
"62","<U+00E4><U+00E2><U+00EC><U+00E1><U+00E5><U+00F2>","Hagilbo'a","<U+00F6><U+00F4><U+00E5><U+00EF>",35.3896594358782,32.5628818507058
"63","<U+00E4><U+00E2><U+00EC><U+00E9><U+00EC> <U+00E4><U+00F2><U+00EC><U+00E9><U+00E5><U+00EF>","Hagalil Ha'elyon","<U+00F6><U+00F4><U+00E5><U+00EF>",35.5724220613396,33.0908657139672
"64","<U+00E4><U+00E2><U+00EC><U+00E9><U+00EC> <U+00E4><U+00FA><U+00E7><U+00FA><U+00E5><U+00EF>","Hagalil Hatahton","<U+00F6><U+00F4><U+00E5><U+00EF>",35.4449019639367,32.7612444927605
"65","<U+00E4><U+00E5><U+00E3> <U+00E4><U+00F9><U+00F8><U+00E5><U+00EF>","Hod Hasharon","<U+00EE><U+00F8><U+00EB><U+00E6>",34.8887255042268,32.147413748088
"66","<U+00E4><U+00F2><U+00F8><U+00E1><U+00E4> <U+00E4><U+00FA><U+00E9><U+00EB><U+00E5><U+00F0><U+00E4>","Ha'arava Hatihona","<U+00E3><U+00F8><U+00E5><U+00ED>",35.1059676537922,30.6135254421711
"67","<U+00E4><U+00F8><U+00F6><U+00EC><U+00E9><U+00E4>","Hertseliya","<U+00FA><U+00EC> <U+00E0><U+00E1><U+00E9><U+00E1>",34.8251763915206,32.1684137753978
"68","<U+00E6><U+00E1><U+00E5><U+00EC><U+00E5><U+00EF>","Zevulun","<U+00E7><U+00E9><U+00F4><U+00E4>",35.1087777882245,32.7707736485594
"69","<U+00E6><U+00EB><U+00F8><U+00E5><U+00EF> <U+00E9><U+00F2>º<U+00E1>","Zih'ron Ya'akov","<U+00E7><U+00E9><U+00F4><U+00E4>",34.9697229605516,32.5667332407417
"70","<U+00E6><U+00EE><U+00F8>","Zemer","<U+00EE><U+00F8><U+00EB><U+00E6>",35.0333294792954,32.3638581257767
"71","<U+00E6><U+00F8><U+00E6><U+00E9><U+00F8>","Zarzir","<U+00F6><U+00F4><U+00E5><U+00EF>",35.2230470219557,32.7258648983334
"72","<U+00E7><U+00E1><U+00EC> <U+00E0><U+00E9><U+00EC><U+00E5><U+00FA>","Hevel Eielot","<U+00E3><U+00F8><U+00E5><U+00ED>",34.9075319536447,30.0632032546059
"73","<U+00E7><U+00E1><U+00EC> <U+00E9><U+00E1><U+00F0><U+00E4>","Hevel Yavne","<U+00EE><U+00F8><U+00EB><U+00E6>",34.706683204801,31.8432206633907
"74","<U+00E7><U+00E1><U+00EC> <U+00EE><U+00E5><U+00E3><U+00E9><U+00F2><U+00E9><U+00EF>","Hevel Modi'in","<U+00EE><U+00F8><U+00EB><U+00E6>",34.9537448212551,31.9844116997807
"75","<U+00E7><U+00E3><U+00F8><U+00E4>","Hadera","<U+00E7><U+00E9><U+00F4><U+00E4>",34.9148133010459,32.4373151031524
"76","<U+00E7><U+00E5><U+00EC><U+00E5><U+00EF>","Holon","<U+00FA><U+00EC> <U+00E0><U+00E1><U+00E9><U+00E1>",34.7835354090096,32.0107178694078
"77","<U+00E7><U+00E5><U+00F3> <U+00E0><U+00F9>º<U+00EC><U+00E5><U+00EF>","Hof Ashkelon","<U+00E3><U+00F8><U+00E5><U+00ED>",34.6044235118115,31.6341706956289
"78","<U+00E7><U+00E5><U+00F3> <U+00E4><U+00EB><U+00F8><U+00EE><U+00EC>","Hof Hacarmel","<U+00E7><U+00E9><U+00F4><U+00E4>",34.9684009645692,32.6384424454977
"79","<U+00E7><U+00E5><U+00F3> <U+00E4><U+00F9><U+00F8><U+00E5><U+00EF>","Hof Hasharon","<U+00EE><U+00F8><U+00EB><U+00E6>",34.8510100892753,32.2323283480112
"80","<U+00E7><U+00E5><U+00F3> <U+00E4><U+00F9><U+00F8><U+00E5><U+00EF>","Hof Hasharon","<U+00FA><U+00EC> <U+00E0><U+00E1><U+00E9><U+00E1>",34.8226426051958,32.1515125853336
"81","<U+00E7><U+00E5><U+00F8><U+00E4>","Hura","<U+00E3><U+00F8><U+00E5><U+00ED>",34.9375512179033,31.2975490406496
"82","<U+00E7><U+00E5><U+00F8><U+00F4><U+00E9><U+00F9>","Hurfeish","<U+00F6><U+00F4><U+00E5><U+00EF>",35.346237314166,33.0225060726325
"83","<U+00E7><U+00E9><U+00F4><U+00E4>","Haifa","<U+00E7><U+00E9><U+00F4><U+00E4>",35.0080338622567,32.802290604647
"84","<U+00E7><U+00F6><U+00E5><U+00F8> <U+00E4><U+00E2><U+00EC><U+00E9><U+00EC><U+00E9><U+00FA>","Hatsor Haglilit","<U+00F6><U+00F4><U+00E5><U+00EF>",35.5419676894595,32.9848919845462
"85","<U+00E7><U+00F8><U+00E9><U+00F9>","Harish","<U+00E7><U+00E9><U+00F4><U+00E4>",35.0576870357641,32.4634368373682
"86","<U+00E8><U+00E1><U+00F8><U+00E9><U+00E4>","Tverya (Tiberias)","<U+00F6><U+00F4><U+00E5><U+00EF>",35.526594222774,32.78272245216
"87","<U+00E8><U+00E5><U+00E1><U+00E0> - <U+00E6><U+00F0><U+00E2><U+00F8><U+00E9><U+00E9><U+00E4>","Tuba - Zangariya","<U+00F6><U+00F4><U+00E5><U+00EF>",35.5909756443594,32.9649548305817
"88","<U+00E8><U+00E5><U+00F8><U+00F2><U+00E0><U+00EF>","Tur'an","<U+00F6><U+00F4><U+00E5><U+00EF>",35.3810848252669,32.7763510885204
"89","<U+00E8><U+00E9><U+00E9><U+00E1><U+00E4>","Taybe","<U+00EE><U+00F8><U+00EB><U+00E6>",34.9996539402271,32.2625238145046
"90","<U+00E8><U+00E9><U+00F8><U+00E4>","Tira","<U+00EE><U+00F8><U+00EB><U+00E6>",34.9614580466048,32.2335378996635
"91","<U+00E8><U+00E9><U+00F8><U+00FA> <U+00EB><U+00F8><U+00EE><U+00EC>","Tirat Karmel","<U+00E7><U+00E9><U+00F4><U+00E4>",34.9679448206797,32.7637923095078
"92","<U+00E8><U+00EE><U+00F8><U+00E4>","Tamra","<U+00F6><U+00F4><U+00E5><U+00EF>",35.1815902801687,32.8516266188384
"93","<U+00E9><U+00E0><U+00F0><U+00E5><U+00E7> - <U+00E2>'<U+00FA>","Yanuh - Jat","<U+00F6><U+00F4><U+00E5><U+00EF>",35.24348275596,32.979357256716
"94","<U+00E9><U+00E1><U+00F0><U+00E0><U+00EC>","Yavne'el","<U+00F6><U+00F4><U+00E5><U+00EF>",35.5125984946893,32.710878156461
"95","<U+00E9><U+00E1><U+00F0><U+00E4>","Yavne","<U+00EE><U+00F8><U+00EB><U+00E6>",34.7328575610926,31.874288812243
"96","<U+00E9><U+00E4><U+00E5><U+00E3> - <U+00EE><U+00E5><U+00F0><U+00F1><U+00E5><U+00EF>","Yehud - Monoson","<U+00EE><U+00F8><U+00EB><U+00E6>",34.8877049282944,32.0306273402305
"97","<U+00E9><U+00E5><U+00E0><U+00E1>","Yoav","<U+00E3><U+00F8><U+00E5><U+00ED>",34.8182029007456,31.6739618643359
"98","<U+00E9><U+00F1><U+00E5><U+00E3> <U+00E4><U+00EE><U+00F2><U+00EC><U+00E4>","Yesud Hama'ala","<U+00F6><U+00F4><U+00E5><U+00EF>",35.5977229160843,33.0598127238827
"99","<U+00E9><U+00F4><U+00E9><U+00F2>","Yafi'a","<U+00F6><U+00F4><U+00E5><U+00EF>",35.2721530205949,32.6832496460646
"100","<U+00E9><U+00F8><U+00E5><U+00E7><U+00ED>","Yeroham","<U+00E3><U+00F8><U+00E5><U+00ED>",34.9194618026585,30.9894574055488
"101","<U+00E9><U+00F8><U+00E5><U+00F9><U+00EC><U+00E9><U+00ED>","Yerushalayim (Jerusalem)","<U+00E9><U+00F8><U+00E5><U+00F9><U+00EC><U+00E9><U+00ED>",35.2051722513129,31.778632166839
"102","<U+00E9><U+00F8><U+00EB><U+00E0>","Yirka","<U+00F6><U+00F4><U+00E5><U+00EF>",35.2104011762014,32.9571319122412
"103","<U+00E9>º<U+00F0><U+00F2><U+00ED> <U+00F2><U+00E9><U+00EC><U+00E9><U+00FA>","Yokne'am Ilit","<U+00F6><U+00F4><U+00E5><U+00EF>",35.0941184105062,32.6498026634463
"104","<U+00EB><U+00E0><U+00E1><U+00E5><U+00EC>","Kabul","<U+00F6><U+00F4><U+00E5><U+00EF>",35.2061460492647,32.8727120285447
"105","<U+00EB><U+00E0><U+00E5><U+00EB><U+00E1> <U+00E0><U+00E1><U+00E5> <U+00E0><U+00EC> <U+00E4><U+00E9><U+00E2>'<U+00E0>","Kawkab Abu al Hija","<U+00F6><U+00F4><U+00E5><U+00EF>",35.2501523046445,32.8300155707729
"106","<U+00EB><U+00E5><U+00EB><U+00E1> <U+00E9><U+00E0><U+00E9><U+00F8>","Kohav Yair","<U+00EE><U+00F8><U+00EB><U+00E6>",34.994837684665,32.2213642442245
"107","<U+00EB><U+00F1><U+00E9><U+00E9><U+00F4><U+00E4>","Kseyfe","<U+00E3><U+00F8><U+00E5><U+00ED>",35.0852754164756,31.2419933061444
"108","<U+00EB><U+00F1><U+00F8><U+00E0> - <U+00F1><U+00EE><U+00E9><U+00F2>","Kisrah - Smi'a","<U+00F6><U+00F4><U+00E5><U+00EF>",35.2963077109524,32.9698234439015
"109","<U+00EB><U+00F2><U+00E1><U+00E9><U+00E4> - <U+00E8><U+00E1><U+00E0><U+00F9> - <U+00E7><U+00E2>'<U+00E0><U+00E2>'<U+00F8><U+00E4>","Ka'abiya - Tabash - Hajajre","<U+00F6><U+00F4><U+00E5><U+00EF>",35.1831995375868,32.7505904331921
"110","<U+00EB><U+00F4><U+00F8> <U+00E1><U+00F8><U+00E0>","Kefar Bara","<U+00EE><U+00F8><U+00EB><U+00E6>",34.9760244788983,32.1303497766958
"111","<U+00EB><U+00F4><U+00F8> <U+00E5><U+00F8><U+00E3><U+00E9><U+00ED>","Kefar Veradim","<U+00F6><U+00F4><U+00E5><U+00EF>",35.2603349068323,32.9985911898791
"112","<U+00EB><U+00F4><U+00F8> <U+00E9><U+00E0><U+00F1><U+00E9><U+00F3>","Kefar Yasif","<U+00F6><U+00F4><U+00E5><U+00EF>",35.1606833683791,32.9512240862862
"113","<U+00EB><U+00F4><U+00F8> <U+00E9><U+00E5><U+00F0><U+00E4>","Kefar Yona","<U+00EE><U+00F8><U+00EB><U+00E6>",34.9272958983159,32.3220775513109
"114","<U+00EB><U+00F4><U+00F8> <U+00EB><U+00EE><U+00E0>","Kefar Kama","<U+00F6><U+00F4><U+00E5><U+00EF>",35.432731221747,32.7207866893859
"115","<U+00EB><U+00F4><U+00F8> <U+00EB><U+00F0><U+00E0>","Kefar Kana","<U+00F6><U+00F4><U+00E5><U+00EF>",35.3442697320068,32.7545594461714
"116","<U+00EB><U+00F4><U+00F8> <U+00EE><U+00F0><U+00E3><U+00E0>","Kefar Manda","<U+00F6><U+00F4><U+00E5><U+00EF>",35.2609141243174,32.8061500542022
"117","<U+00EB><U+00F4><U+00F8> <U+00F1><U+00E1><U+00E0>","Kefar Saba","<U+00EE><U+00F8><U+00EB><U+00E6>",34.9178733350106,32.1824314921412
"118","<U+00EB><U+00F4><U+00F8> <U+00F9><U+00EE><U+00F8><U+00E9><U+00E4><U+00E5>","Kefar Shmaryahu","<U+00FA><U+00EC> <U+00E0><U+00E1><U+00E9><U+00E1>",34.8250572250643,32.1860080684859
"119","<U+00EB><U+00F4><U+00F8> <U+00FA><U+00E1><U+00E5><U+00F8>","Kefar Tavor","<U+00F6><U+00F4><U+00E5><U+00EF>",35.4247425532106,32.6817990773318
"120","<U+00EB><U+00F4><U+00F8> º<U+00E0><U+00F1><U+00ED>","Kefar Kasem","<U+00EE><U+00F8><U+00EB><U+00E6>",34.967229547621,32.1172474998169
"121","<U+00EB><U+00F4><U+00F8> º<U+00F8><U+00F2>","Kefar Kara","<U+00E7><U+00E9><U+00F4><U+00E4>",35.0478930897019,32.5052524256026
"122","<U+00EB><U+00F8><U+00EE><U+00E9><U+00E0><U+00EC>","Karmiel","<U+00F6><U+00F4><U+00E5><U+00EF>",35.3056140962072,32.91345796843
"123","<U+00EC><U+00E1> <U+00E4><U+00F9><U+00F8><U+00E5><U+00EF>","Lev Hasharon","<U+00EE><U+00F8><U+00EB><U+00E6>",34.9416537047707,32.2752316871343
"124","<U+00EC><U+00E4><U+00E1><U+00E9><U+00ED>","Lehavim","<U+00E3><U+00F8><U+00E5><U+00ED>",34.8127033562809,31.3633771007425
"125","<U+00EC><U+00E5><U+00E3>","Lod","<U+00EE><U+00F8><U+00EB><U+00E6>",34.8920646244515,31.9541506346092
"126","<U+00EC><U+00EB><U+00E9><U+00F9>","Lahish","<U+00E3><U+00F8><U+00E5><U+00ED>",34.8230301353395,31.5364133691617
"127","<U+00EC><U+00EC><U+00E0> <U+00F9><U+00E9><U+00F4><U+00E5><U+00E8> - <U+00E0><U+00E6><U+00E5><U+00F8> <U+00E0><U+00E2><U+00ED> <U+00E3><U+00EC><U+00FA><U+00E5><U+00EF>","No Jurisdiction - Dalton Lake Area","<U+00F6><U+00F4><U+00E5><U+00EF>",35.4576476235226,33.0267014772999
"128","<U+00EC><U+00EC><U+00E0> <U+00F9><U+00E9><U+00F4><U+00E5><U+00E8> - <U+00E0><U+00E6><U+00E5><U+00F8> <U+00E1><U+00E9><U+00EF> <U+00E3><U+00E1><U+00E5><U+00F8><U+00E9><U+00E4> <U+00EC><U+00E0><U+00EB><U+00F1><U+00E0><U+00EC>","No Jurisdiction - Daburiya - Iksal Area","<U+00F6><U+00F4><U+00E5><U+00EF>",35.3504234806573,32.6791257442576
"129","<U+00EC><U+00EC><U+00E0> <U+00F9><U+00E9><U+00F4><U+00E5><U+00E8> - <U+00E0><U+00E6><U+00E5><U+00F8> <U+00E1><U+00E9><U+00EF> <U+00E7><U+00E5><U+00F1><U+00EF> <U+00EC><U+00EB><U+00F4><U+00F8> <U+00E5><U+00F8><U+00E3><U+00E9><U+00ED>","No Jurisdiction - Hosen - Kefar Veradim Area","<U+00F6><U+00F4><U+00E5><U+00EF>",35.2881887609497,32.9949476946409
"130","<U+00EC><U+00EC><U+00E0> <U+00F9><U+00E9><U+00F4><U+00E5><U+00E8> - <U+00E0><U+00E6><U+00E5><U+00F8> <U+00E1>º<U+00F2><U+00FA> <U+00E1><U+00E9><U+00FA> <U+00F0><U+00E8><U+00E5><U+00F4><U+00E4>","No Jurisdiction - Bik'at Beit Netofa Area","<U+00F6><U+00F4><U+00E5><U+00EF>",35.3358479274538,32.8105582402461
"131","<U+00EC><U+00EC><U+00E0> <U+00F9><U+00E9><U+00F4><U+00E5><U+00E8> - <U+00E0><U+00E6><U+00E5><U+00F8> <U+00E2><U+00E1><U+00F2><U+00FA> <U+00E4><U+00EE><U+00E5><U+00F8><U+00E4>","No Jurisdiction - Giv'at Hamor'e Area","<U+00F6><U+00F4><U+00E5><U+00EF>",35.3476138710603,32.6116288390305
"132","<U+00EC><U+00EC><U+00E0> <U+00F9><U+00E9><U+00F4><U+00E5><U+00E8> - <U+00E0><U+00E6><U+00E5><U+00F8> <U+00E3><U+00F8><U+00E5><U+00EE><U+00E9><U+00FA> <U+00EC><U+00E1><U+00F8><U+00E8><U+00F2><U+00E4>","No Jurisdiction - South of Barta'a Area","<U+00E7><U+00E9><U+00F4><U+00E4>",35.0859650899604,32.4718789836243
"133","<U+00EC><U+00EC><U+00E0> <U+00F9><U+00E9><U+00F4><U+00E5><U+00E8> - <U+00E0><U+00E6><U+00E5><U+00F8> <U+00E4><U+00E0><U+00F8><U+00E1><U+00EC>","No Jurisdiction - Arbel Area","<U+00F6><U+00F4><U+00E5><U+00EF>",35.4906181890623,32.8272438187733
"134","<U+00EC><U+00EC><U+00E0> <U+00F9><U+00E9><U+00F4><U+00E5><U+00E8> - <U+00E0><U+00E6><U+00E5><U+00F8> <U+00E4><U+00EB><U+00F0><U+00F8><U+00FA>","No Jurisdiction - Kineret Area","<U+00F6><U+00F4><U+00E5><U+00EF>",35.5907064068424,32.80865411984
"135","<U+00EC><U+00EC><U+00E0> <U+00F9><U+00E9><U+00F4><U+00E5><U+00E8> - <U+00E0><U+00E6><U+00E5><U+00F8> <U+00E4><U+00F1><U+00E9><U+00E9><U+00E2>","No Jurisdiction - Sayig Area","<U+00E3><U+00F8><U+00E5><U+00ED>",35.0115218804495,31.1992217217745
"136","<U+00EC><U+00EC><U+00E0> <U+00F9><U+00E9><U+00F4><U+00E5><U+00E8> - <U+00E0><U+00E6><U+00E5><U+00F8> <U+00E4><U+00F8> <U+00E4><U+00EB><U+00F8><U+00EE><U+00EC>","No Jurisdiction - Mount Carmel Area","<U+00E7><U+00E9><U+00F4><U+00E4>",35.0473803514244,32.701432259631
"137","<U+00EC><U+00EC><U+00E0> <U+00F9><U+00E9><U+00F4><U+00E5><U+00E8> - <U+00E0><U+00E6><U+00E5><U+00F8> <U+00E4><U+00F8> <U+00EE><U+00E9><U+00F8><U+00E5><U+00EF>","No Jurisdiction - Mount Meiron Area","<U+00F6><U+00F4><U+00E5><U+00EF>",35.3768833931605,32.9815390553886
"138","<U+00EC><U+00EC><U+00E0> <U+00F9><U+00E9><U+00F4><U+00E5><U+00E8> - <U+00E0><U+00E6><U+00E5><U+00F8> <U+00E4><U+00F8> <U+00F1><U+00E0><U+00F1><U+00E0>","No Jurisdiction - Mount Sasa Area","<U+00F6><U+00F4><U+00E5><U+00EF>",35.4109785043682,33.0172940498963
"139","<U+00EC><U+00EC><U+00E0> <U+00F9><U+00E9><U+00F4><U+00E5><U+00E8> - <U+00E0><U+00E6><U+00E5><U+00F8> <U+00E4><U+00F8> <U+00FA><U+00E1><U+00E5><U+00F8>","No Jurisdiction - Mount Tavor Area","<U+00F6><U+00F4><U+00E5><U+00EF>",35.3901664194988,32.6847945242757
"140","<U+00EC><U+00EC><U+00E0> <U+00F9><U+00E9><U+00F4><U+00E5><U+00E8> - <U+00E0><U+00E6><U+00E5><U+00F8> <U+00E4><U+00F9><U+00F4><U+00E3>""<U+00EF>","No Jurisdiction - Shifdan Area","<U+00EE><U+00F8><U+00EB><U+00E6>",34.7396508089637,31.9561233856614
"141","<U+00EC><U+00EC><U+00E0> <U+00F9><U+00E9><U+00F4><U+00E5><U+00E8> - <U+00E0><U+00E6><U+00E5><U+00F8> <U+00E7><U+00E5><U+00EC><U+00E5><U+00FA> <U+00E9><U+00E1><U+00F0><U+00E4>","No Jurisdiction - Yavne Sands Area","<U+00EE><U+00F8><U+00EB><U+00E6>",34.7052948029808,31.8986094977937
"142","<U+00EC><U+00EC><U+00E0> <U+00F9><U+00E9><U+00F4><U+00E5><U+00E8> - <U+00E0><U+00E6><U+00E5><U+00F8> <U+00E7><U+00EC><U+00E5><U+00F5>","No Jurisdiction - Haluts Area","<U+00F6><U+00F4><U+00E5><U+00EF>",35.3212105200571,32.9534855323994
"143","<U+00EC><U+00EC><U+00E0> <U+00F9><U+00E9><U+00F4><U+00E5><U+00E8> - <U+00E0><U+00E6><U+00E5><U+00F8> <U+00E9><U+00F2><U+00F8> <U+00E0><U+00EC><U+00E5><U+00F0><U+00E4>","No Jurisdiction - Alona Forest Area","<U+00E7><U+00E9><U+00F4><U+00E4>",35.0006902296108,32.5572139159093
"144","<U+00EC><U+00EC><U+00E0> <U+00F9><U+00E9><U+00F4><U+00E5><U+00E8> - <U+00E0><U+00E6><U+00E5><U+00F8> <U+00E9><U+00F2><U+00F8> <U+00E7><U+00E5><U+00F8><U+00F9><U+00E9><U+00ED>","No Jurisdiction - Horshim Forest Area","<U+00EE><U+00F8><U+00EB><U+00E6>",34.9802067536111,32.1376459641458
"145","<U+00EC><U+00EC><U+00E0> <U+00F9><U+00E9><U+00F4><U+00E5><U+00E8> - <U+00E0><U+00E6><U+00E5><U+00F8> <U+00E9><U+00F2><U+00F8> <U+00EE><U+00F0><U+00F9><U+00E4>","No Jurisdiction - Menashe Forest Area","<U+00E7><U+00E9><U+00F4><U+00E4>",35.0984056990222,32.5179845593764
"146","<U+00EC><U+00EC><U+00E0> <U+00F9><U+00E9><U+00F4><U+00E5><U+00E8> - <U+00E0><U+00E6><U+00E5><U+00F8> <U+00EB><U+00E1><U+00E9><U+00F9> 6535","No Jurisdiction - Road no. 6535 Area","<U+00E7><U+00E9><U+00F4><U+00E4>",35.1349694660546,32.5074615914106
"147","<U+00EC><U+00EC><U+00E0> <U+00F9><U+00E9><U+00F4><U+00E5><U+00E8> - <U+00E0><U+00E6><U+00E5><U+00F8> <U+00EB><U+00F0><U+00E9><U+00F1><U+00E4> <U+00F6><U+00F4><U+00E5><U+00F0><U+00E9><U+00FA> <U+00E8><U+00EE><U+00F8><U+00E4>","No Jurisdiction - North of Tamra Area","<U+00F6><U+00F4><U+00E5><U+00EF>",35.1799696376749,32.864036529371
"148","<U+00EC><U+00EC><U+00E0> <U+00F9><U+00E9><U+00F4><U+00E5><U+00E8> - <U+00E0><U+00E6><U+00E5><U+00F8> <U+00EB><U+00F4><U+00F8> <U+00EB><U+00F0><U+00E0>","No Jurisdiction - Kefar Kana Area","<U+00F6><U+00F4><U+00E5><U+00EF>",35.3679456879614,32.750581050898
"149","<U+00EC><U+00EC><U+00E0> <U+00F9><U+00E9><U+00F4><U+00E5><U+00E8> - <U+00E0><U+00E6><U+00E5><U+00F8> <U+00EB><U+00F4><U+00F8> <U+00FA><U+00E1><U+00E5><U+00F8>","No Jurisdiction - Kefar Tavor Area","<U+00F6><U+00F4><U+00E5><U+00EF>",35.4127145590693,32.6840345913267
"150","<U+00EC><U+00EC><U+00E0> <U+00F9><U+00E9><U+00F4><U+00E5><U+00E8> - <U+00E0><U+00E6><U+00E5><U+00F8> <U+00EE><U+00E0><U+00E2><U+00F8> <U+00F6><U+00EC><U+00EE><U+00E5><U+00EF>","No Jurisdiction - Tsalmon Reservoir Area","<U+00F6><U+00F4><U+00E5><U+00EF>",35.4064917524534,32.8498981777822
"151","<U+00EC><U+00EC><U+00E0> <U+00F9><U+00E9><U+00F4><U+00E5><U+00E8> - <U+00E0><U+00E6><U+00E5><U+00F8> <U+00EE><U+00E0><U+00E2><U+00F8><U+00E9> <U+00EE><U+00F0><U+00F9><U+00E4>","No Jurisdiction - Menashe Reservoirs Area","<U+00E7><U+00E9><U+00F4><U+00E4>",34.9333797624464,32.481304566945
"152","<U+00EC><U+00EC><U+00E0> <U+00F9><U+00E9><U+00F4><U+00E5><U+00E8> - <U+00E0><U+00E6><U+00E5><U+00F8> <U+00EE><U+00E3><U+00F8><U+00E5><U+00ED> <U+00EC><U+00E2>'<U+00E3><U+00E9><U+00E9><U+00E3><U+00E4>-<U+00EE><U+00EB><U+00F8>","No Jurisdiction - South of Jdeyde - Ma'ker Area","<U+00F6><U+00F4><U+00E5><U+00EF>",35.1418386014857,32.9185038740939
"153","<U+00EC><U+00EC><U+00E0> <U+00F9><U+00E9><U+00F4><U+00E5><U+00E8> - <U+00E0><U+00E6><U+00E5><U+00F8> <U+00EE><U+00E3><U+00F8><U+00E5><U+00ED> <U+00EC><U+00E2>'<U+00E5><U+00EC><U+00E9><U+00F1>","No Jurisdiction - South of Julis Area","<U+00F6><U+00F4><U+00E5><U+00EF>",35.1738807484223,32.9340311560032
"154","<U+00EC><U+00EC><U+00E0> <U+00F9><U+00E9><U+00F4><U+00E5><U+00E8> - <U+00E0><U+00E6><U+00E5><U+00F8> <U+00EE><U+00E3><U+00F8><U+00E5><U+00ED> <U+00EC><U+00E2>'<U+00FA>","No Jurisdiction - South of Jat Area","<U+00E7><U+00E9><U+00F4><U+00E4>",35.0263944134749,32.3948145077364
"155","<U+00EC><U+00EC><U+00E0> <U+00F9><U+00E9><U+00F4><U+00E5><U+00E8> - <U+00E0><U+00E6><U+00E5><U+00F8> <U+00EE><U+00E3><U+00F8><U+00E5><U+00ED> <U+00EC><U+00EE><U+00E7><U+00EC><U+00F3> <U+00E7><U+00E5><U+00F8><U+00F9><U+00E9><U+00ED>","No Jurisdiction - South of Horshim Interchange Area","<U+00EE><U+00F8><U+00EB><U+00E6>",34.956374695271,32.1330084719003
"156","<U+00EC><U+00EC><U+00E0> <U+00F9><U+00E9><U+00F4><U+00E5><U+00E8> - <U+00E0><U+00E6><U+00E5><U+00F8> <U+00EE><U+00E3><U+00F8><U+00E5><U+00ED> <U+00EC><U+00F6><U+00E5><U+00EE><U+00FA> <U+00E7><U+00E1><U+00E9><U+00E1><U+00E4>","No Jurisdiction - South of Haviva Junction Area","<U+00E7><U+00E9><U+00F4><U+00E4>",35.0099281516876,32.4085739089598
"157","<U+00EC><U+00EC><U+00E0> <U+00F9><U+00E9><U+00F4><U+00E5><U+00E8> - <U+00E0><U+00E6><U+00E5><U+00F8> <U+00EE><U+00E3><U+00F8><U+00E5><U+00ED> <U+00EC><U+00F8><U+00E0><U+00F9> <U+00E4><U+00F2><U+00E9><U+00EF>","No Jurisdiction - South of Rosh Ha'ayin Area","<U+00EE><U+00F8><U+00EB><U+00E6>",34.9821287077631,32.063199730687
"158","<U+00EC><U+00EC><U+00E0> <U+00F9><U+00E9><U+00F4><U+00E5><U+00E8> - <U+00E0><U+00E6><U+00E5><U+00F8> <U+00EE><U+00E3><U+00F8><U+00E5><U+00ED> <U+00EC>º<U+00F6><U+00E9><U+00F8>","No Jurisdiction - South of Katsir Area","<U+00E7><U+00E9><U+00F4><U+00E4>",35.0935460804951,32.4781794254376
"159","<U+00EC><U+00EC><U+00E0> <U+00F9><U+00E9><U+00F4><U+00E5><U+00E8> - <U+00E0><U+00E6><U+00E5><U+00F8> <U+00EE><U+00E5><U+00F9><U+00E1> <U+00E0><U+00E5><U+00EE><U+00F5>","No Jurisdiction - Omets Area","<U+00EE><U+00F8><U+00EB><U+00E6>",35.0092173018725,32.3730413273467
"160","<U+00EC><U+00EC><U+00E0> <U+00F9><U+00E9><U+00F4><U+00E5><U+00E8> - <U+00E0><U+00E6><U+00E5><U+00F8> <U+00EE><U+00E5><U+00F9><U+00E9><U+00F8><U+00E9><U+00F4><U+00E4>","No Jurisdiction - Mushreife Area","<U+00E7><U+00E9><U+00F4><U+00E4>",35.1628068270007,32.5474918058468
"161","<U+00EC><U+00EC><U+00E0> <U+00F9><U+00E9><U+00F4><U+00E5><U+00E8> - <U+00E0><U+00E6><U+00E5><U+00F8> <U+00EE><U+00E6><U+00F8><U+00E7><U+00E9><U+00FA> <U+00EC><U+00EB><U+00F4><U+00F8> <U+00FA><U+00F8><U+00E0><U+00E1><U+00E9><U+00EF>","No Jurisdiction - East of Tarabin Area","<U+00E3><U+00F8><U+00E5><U+00ED>",34.7499127943044,31.3438451593741
"162","<U+00EC><U+00EC><U+00E0> <U+00F9><U+00E9><U+00F4><U+00E5><U+00E8> - <U+00E0><U+00E6><U+00E5><U+00F8> <U+00EE><U+00E6><U+00F8><U+00E7><U+00E9><U+00FA> <U+00EC><U+00EE><U+00E5><U+00F2><U+00E0><U+00E5><U+00E5><U+00E9><U+00E4>","No Jurisdiction - East of Mu'avia Area","<U+00E7><U+00E9><U+00F4><U+00E4>",35.1140279255139,32.531919225202
"163","<U+00EC><U+00EC><U+00E0> <U+00F9><U+00E9><U+00F4><U+00E5><U+00E8> - <U+00E0><U+00E6><U+00E5><U+00F8> <U+00EE><U+00E7><U+00EC><U+00F3> <U+00E2><U+00E9><U+00EC><U+00F2><U+00ED>","No Jurisdiction - Gil'am Interchange Area","<U+00E7><U+00E9><U+00F4><U+00E4>",35.1282799791067,32.8242655492194
"164","<U+00EC><U+00EC><U+00E0> <U+00F9><U+00E9><U+00F4><U+00E5><U+00E8> - <U+00E0><U+00E6><U+00E5><U+00F8> <U+00EE><U+00E9><U+00FA><U+00F8>","No Jurisdiction - Meitar Area","<U+00E3><U+00F8><U+00E5><U+00ED>",34.9721817974143,31.334701665461
"165","<U+00EC><U+00EC><U+00E0> <U+00F9><U+00E9><U+00F4><U+00E5><U+00E8> - <U+00E0><U+00E6><U+00E5><U+00F8> <U+00EE><U+00EE><U+00E6><U+00F8><U+00E7> <U+00EC><U+00E2>'<U+00FA>","No Jurisdiction - East of Jat Area","<U+00E7><U+00E9><U+00F4><U+00E4>",35.0462104476646,32.3914824215289
"166","<U+00EC><U+00EC><U+00E0> <U+00F9><U+00E9><U+00F4><U+00E5><U+00E8> - <U+00E0><U+00E6><U+00E5><U+00F8> <U+00EE><U+00EE><U+00F2><U+00F8><U+00E1> <U+00EC><U+00E2>'<U+00E3><U+00E9><U+00E9><U+00E3><U+00E4>-<U+00EE><U+00EB><U+00F8>","No Jurisdiction - West of Jdeyde - Ma'ker Area","<U+00F6><U+00F4><U+00E5><U+00EF>",35.1180388207364,32.9289211970591
"167","<U+00EC><U+00EC><U+00E0> <U+00F9><U+00E9><U+00F4><U+00E5><U+00E8> - <U+00E0><U+00E6><U+00E5><U+00F8> <U+00EE><U+00F2><U+00E1><U+00F8> <U+00E0><U+00E9><U+00E9><U+00EC>","No Jurisdiction - Eyal Crossing Area","<U+00EE><U+00F8><U+00EB><U+00E6>",34.971581377588,32.200922295495
"168","<U+00EC><U+00EC><U+00E0> <U+00F9><U+00E9><U+00F4><U+00E5><U+00E8> - <U+00E0><U+00E6><U+00E5><U+00F8> <U+00EE><U+00F2><U+00E9><U+00EC><U+00E9><U+00E0>","No Jurisdiction - Mi'ilya Area","<U+00F6><U+00F4><U+00E5><U+00EF>",35.2255159992281,33.0298746742154
"169","<U+00EC><U+00EC><U+00E0> <U+00F9><U+00E9><U+00F4><U+00E5><U+00E8> - <U+00E0><U+00E6><U+00E5><U+00F8> <U+00EE><U+00F2><U+00F8><U+00E1> <U+00EB><U+00F8><U+00EE><U+00E9><U+00E0><U+00EC>","No Jurisdiction - West Carmiel Area","<U+00F6><U+00F4><U+00E5><U+00EF>",35.263193219534,32.9149947129032
"170","<U+00EC><U+00EC><U+00E0> <U+00F9><U+00E9><U+00F4><U+00E5><U+00E8> - <U+00E0><U+00E6><U+00E5><U+00F8> <U+00EE><U+00F2><U+00F8><U+00E1><U+00E9><U+00FA> <U+00EC><U+00E1><U+00E0>º<U+00E4> <U+00E0><U+00EC> <U+00E2><U+00F8><U+00E1><U+00E9><U+00E9><U+00E4>","No Jurisdiction - West of Baka al Rarbiya Area","<U+00E7><U+00E9><U+00F4><U+00E4>",35.0134075760943,32.4174377729098
"171","<U+00EC><U+00EC><U+00E0> <U+00F9><U+00E9><U+00F4><U+00E5><U+00E8> - <U+00E0><U+00E6><U+00E5><U+00F8> <U+00EE><U+00F2><U+00F8><U+00E1><U+00E9><U+00FA> <U+00EC><U+00E1><U+00F8><U+00E8><U+00F2><U+00E4>","No Jurisdiction - West of Barta'a Area","<U+00E7><U+00E9><U+00F4><U+00E4>",35.0788798621109,32.4723456475945
"172","<U+00EC><U+00EC><U+00E0> <U+00F9><U+00E9><U+00F4><U+00E5><U+00E8> - <U+00E0><U+00E6><U+00E5><U+00F8> <U+00EE><U+00F2><U+00F8><U+00E1><U+00E9><U+00FA> <U+00EC><U+00EB><U+00F4><U+00F8> <U+00E9><U+00E0><U+00F1><U+00E9><U+00F3>","No Jurisdiction - West of Kefar Yasif Area","<U+00F6><U+00F4><U+00E5><U+00EF>",35.1352112986125,32.9529308874917
"173","<U+00EC><U+00EC><U+00E0> <U+00F9><U+00E9><U+00F4><U+00E5><U+00E8> - <U+00E0><U+00E6><U+00E5><U+00F8> <U+00EE><U+00F6><U+00F4><U+00E4> <U+00E0><U+00E9><U+00EC><U+00E5><U+00FA>","No Jurisdiction - Mitspe Ayalot Area","<U+00F6><U+00F4><U+00E5><U+00EF>",35.5237040990298,32.6727303316969
"174","<U+00EC><U+00EC><U+00E0> <U+00F9><U+00E9><U+00F4><U+00E5><U+00E8> - <U+00E0><U+00E6><U+00E5><U+00F8> <U+00EE><U+00F6><U+00F4><U+00E5><U+00EF> <U+00EC><U+00E1><U+00F1><U+00EE><U+00FA> <U+00E8><U+00E1><U+00F2><U+00E5><U+00EF>","No Jurisdiction - North of Basmat Tivon Area","<U+00E7><U+00E9><U+00F4><U+00E4>",35.1378087526057,32.7393402008684
"175","<U+00EC><U+00EC><U+00E0> <U+00F9><U+00E9><U+00F4><U+00E5><U+00E8> - <U+00E0><U+00E6><U+00E5><U+00F8> <U+00EE><U+00F6><U+00F4><U+00E5><U+00EF> <U+00EC><U+00E9><U+00F8><U+00EB><U+00E0>","No Jurisdiction - North of Yirka Area","<U+00F6><U+00F4><U+00E5><U+00EF>",35.2091586334256,32.9702322160275
"176","<U+00EC><U+00EC><U+00E0> <U+00F9><U+00E9><U+00F4><U+00E5><U+00E8> - <U+00E0><U+00E6><U+00E5><U+00F8> <U+00EE><U+00F6><U+00F4><U+00E5><U+00EF> <U+00EC><U+00EE><U+00F2><U+00EC><U+00E5><U+00FA>","No Jurisdiction - North of Ma'alot Area","<U+00F6><U+00F4><U+00E5><U+00EF>",35.2977047946366,33.0300337821704
"177","<U+00EC><U+00EC><U+00E0> <U+00F9><U+00E9><U+00F4><U+00E5><U+00E8> - <U+00E0><U+00E6><U+00E5><U+00F8> <U+00EE><U+00F6><U+00F4><U+00E5><U+00EF> <U+00EC><U+00F9><U+00E9><U+00E1><U+00EC><U+00E9> <U+00E0><U+00E5><U+00ED> <U+00E0><U+00EC> <U+00F8><U+00F0><U+00ED>","No Jurisdiction - North of Shibli Um al Ranem Area","<U+00F6><U+00F4><U+00E5><U+00EF>",35.3836390480698,32.7011436042968
"178","<U+00EC><U+00EC><U+00E0> <U+00F9><U+00E9><U+00F4><U+00E5><U+00E8> - <U+00E0><U+00E6><U+00E5><U+00F8> <U+00EE><U+00F6><U+00F4><U+00E5><U+00EF> <U+00EC>º<U+00F6><U+00E9><U+00F8>","No Jurisdiction - North of Katsir Area","<U+00E7><U+00E9><U+00F4><U+00E4>",35.1094580065714,32.4941896180644
"179","<U+00EC><U+00EC><U+00E0> <U+00F9><U+00E9><U+00F4><U+00E5><U+00E8> - <U+00E0><U+00E6><U+00E5><U+00F8> <U+00EE><U+00F9><U+00EE><U+00F8> <U+00E4><U+00E9><U+00F8><U+00E3><U+00EF>","No Jurisdiction - Mishmar Hayarden Area","<U+00F6><U+00F4><U+00E5><U+00EF>",35.5846256064552,33.0014587707809
"180","<U+00EC><U+00EC><U+00E0> <U+00F9><U+00E9><U+00F4><U+00E5><U+00E8> - <U+00E0><U+00E6><U+00E5><U+00F8> <U+00EE>º<U+00E5><U+00E5><U+00E4> <U+00E9><U+00F9><U+00F8><U+00E0><U+00EC> - <U+00F4><U+00E0><U+00F8>º <U+00F9><U+00F8><U+00E5><U+00EF>","No Jurisdiction - Mikveh Israel - Sharon Park Area","<U+00FA><U+00EC> <U+00E0><U+00E1><U+00E9><U+00E1>",34.8042830411002,32.0331847718914
"181","<U+00EC><U+00EC><U+00E0> <U+00F9><U+00E9><U+00F4><U+00E5><U+00E8> - <U+00E0><U+00E6><U+00E5><U+00F8> <U+00F0><U+00E7><U+00EC> <U+00E0><U+00F8><U+00E1><U+00EC>","No Jurisdiction - Arbel River Area","<U+00F6><U+00F4><U+00E5><U+00EF>",35.4957379815986,32.8288791910424
"182","<U+00EC><U+00EC><U+00E0> <U+00F9><U+00E9><U+00F4><U+00E5><U+00E8> - <U+00E0><U+00E6><U+00E5><U+00F8> <U+00F0><U+00E7><U+00EC> <U+00E1><U+00F2><U+00F0><U+00E0>","No Jurisdiction - Ba'ane River Area","<U+00E7><U+00E9><U+00F4><U+00E4>",35.1844058098161,32.5556954754937
"183","<U+00EC><U+00EC><U+00E0> <U+00F9><U+00E9><U+00F4><U+00E5><U+00E8> - <U+00E0><U+00E6><U+00E5><U+00F8> <U+00F0><U+00E7><U+00EC> <U+00E9><U+00F6><U+00E4><U+00F8>","No Jurisdiction - Yitshar River Area","<U+00F6><U+00F4><U+00E5><U+00EF>",35.2114361288362,32.9414449215991
"184","<U+00EC><U+00EC><U+00E0> <U+00F9><U+00E9><U+00F4><U+00E5><U+00E8> - <U+00E0><U+00E6><U+00E5><U+00F8> <U+00F0><U+00F2><U+00EE><U+00EF>","No Jurisdiction - Naaman Area","<U+00E7><U+00E9><U+00F4><U+00E4>",35.0826462568222,32.8716889447823
"185","<U+00EC><U+00EC><U+00E0> <U+00F9><U+00E9><U+00F4><U+00E5><U+00E8> - <U+00E0><U+00E6><U+00E5><U+00F8> <U+00F0><U+00FA><U+00E1>""<U+00E2>","No Jurisdiction - Ben Gurion Airport Area","<U+00EE><U+00F8><U+00EB><U+00E6>",34.8861938591173,32.0061642321701
"186","<U+00EC><U+00EC><U+00E0> <U+00F9><U+00E9><U+00F4><U+00E5><U+00E8> - <U+00E0><U+00E6><U+00E5><U+00F8> <U+00F1><U+00E0><U+00EC><U+00ED>","No Jurisdiction - Salem Area","<U+00E7><U+00E9><U+00F4><U+00E4>",35.1912449122325,32.5382976350397
"187","<U+00EC><U+00EC><U+00E0> <U+00F9><U+00E9><U+00F4><U+00E5><U+00E8> - <U+00E0><U+00E6><U+00E5><U+00F8> <U+00F2><U+00EE>º <U+00E0><U+00E9><U+00E9><U+00EC><U+00E5><U+00EF>","No Jurisdiction - Ayalon Valley Area","<U+00EE><U+00F8><U+00EB><U+00E6>",34.9959312853317,31.8605228013874
"188","<U+00EC><U+00EC><U+00E0> <U+00F9><U+00E9><U+00F4><U+00E5><U+00E8> - <U+00E0><U+00E6><U+00E5><U+00F8> <U+00F2><U+00F8><U+00E3>","No Jurisdiction - Arad Area","<U+00E3><U+00F8><U+00E5><U+00ED>",35.1392024059865,31.2720663970884
"189","<U+00EC><U+00EC><U+00E0> <U+00F9><U+00E9><U+00F4><U+00E5><U+00E8> - <U+00E0><U+00E6><U+00E5><U+00F8> <U+00F4>º<U+00E9><U+00F2><U+00E9><U+00EF> <U+00E4><U+00E7><U+00E3><U+00F9>","No Jurisdiction - Peki'in Hahadasha Area","<U+00F6><U+00F4><U+00E5><U+00EF>",35.3204186252019,32.9767962723876
"190","<U+00EC><U+00EC><U+00E0> <U+00F9><U+00E9><U+00F4><U+00E5><U+00E8> - <U+00E0><U+00E6><U+00E5><U+00F8> <U+00F6><U+00E5><U+00EE><U+00FA> <U+00E2>'<U+00E5><U+00EC><U+00E9><U+00F1>","No Jurisdiction - Julis Junction Area","<U+00F6><U+00F4><U+00E5><U+00EF>",35.1604431116512,32.943933634188
"191","<U+00EC><U+00EC><U+00E0> <U+00F9><U+00E9><U+00F4><U+00E5><U+00E8> - <U+00E0><U+00E6><U+00E5><U+00F8> <U+00F6><U+00E5><U+00EE><U+00FA> <U+00E7><U+00F0><U+00F0><U+00E9><U+00E4>","No Jurisdiction - Hanania Junction Area","<U+00F6><U+00F4><U+00E5><U+00EF>",35.3996421846772,32.9292903038238
"192","<U+00EC><U+00EC><U+00E0> <U+00F9><U+00E9><U+00F4><U+00E5><U+00E8> - <U+00E0><U+00E6><U+00E5><U+00F8> <U+00F6><U+00E5><U+00EE><U+00FA> <U+00EE><U+00F6><U+00F8>","No Jurisdiction - Metser Junction Area","<U+00E7><U+00E9><U+00F4><U+00E4>",35.0250047624075,32.4276726365344
"193","<U+00EC><U+00EC><U+00E0> <U+00F9><U+00E9><U+00F4><U+00E5><U+00E8> - <U+00E0><U+00E6><U+00E5><U+00F8> <U+00F6><U+00F4><U+00E5><U+00EF> <U+00EB><U+00F8><U+00EE><U+00E9><U+00E0><U+00EC>","No Jurisdiction - North Carmiel Area","<U+00F6><U+00F4><U+00E5><U+00EF>",35.2685939440779,32.9186841158491
"194","<U+00EC><U+00EC><U+00E0> <U+00F9><U+00E9><U+00F4><U+00E5><U+00E8> - <U+00E0><U+00E6><U+00E5><U+00F8> <U+00F6><U+00F8><U+00E9><U+00F4><U+00E9><U+00EF>","No Jurisdiction - Tserifin Area","<U+00EE><U+00F8><U+00EB><U+00E6>",34.8403034276891,31.9555125015651
"195","<U+00EC><U+00EC><U+00E0> <U+00F9><U+00E9><U+00F4><U+00E5><U+00E8> - <U+00E0><U+00E6><U+00E5><U+00F8> <U+00F8><U+00E1><U+00E9><U+00E3>","No Jurisdiction - Ravid Area","<U+00F6><U+00F4><U+00E5><U+00EF>",35.4650927701953,32.8576307090509
"196","<U+00EC><U+00EC><U+00E0> <U+00F9><U+00E9><U+00F4><U+00E5><U+00E8> - <U+00E0><U+00E6><U+00E5><U+00F8> <U+00F8><U+00E5><U+00EE><U+00FA> <U+00E4><U+00E9><U+00E9><U+00E1>","No Jurisdiction - Rumet Heib Area","<U+00F6><U+00F4><U+00E5><U+00EF>",35.311986888378,32.7813679385513
"197","<U+00EC><U+00EC><U+00E0> <U+00F9><U+00E9><U+00F4><U+00E5><U+00E8> - <U+00E0><U+00E6><U+00E5><U+00F8> <U+00F8><U+00EE><U+00FA> <U+00E4><U+00F0><U+00E3><U+00E9><U+00E1>","No Jurisdiction - Ramat Hanadiv Area","<U+00E7><U+00E9><U+00F4><U+00E4>",34.9443407773189,32.5483957025978
"198","<U+00EC><U+00EC><U+00E0> <U+00F9><U+00E9><U+00F4><U+00E5><U+00E8> - <U+00E0><U+00E6><U+00E5><U+00F8> <U+00F9><U+00EE><U+00E5><U+00F8><U+00FA> <U+00F9><U+00F2><U+00F8> <U+00E4><U+00F2><U+00EE>º<U+00E9><U+00ED>","No Jurisdiction - Sha'ar Ha'amakim Reserve Area","<U+00E7><U+00E9><U+00F4><U+00E4>",35.123990653363,32.7357978748472
"199","<U+00EC><U+00EC><U+00E0> <U+00F9><U+00E9><U+00F4><U+00E5><U+00E8> - <U+00E0><U+00E6><U+00E5><U+00F8> <U+00FA><U+00EC> <U+00E4><U+00F9><U+00E5><U+00EE><U+00F8>","No Jurisdiction - Tel Hashomer Area","<U+00FA><U+00EC> <U+00E0><U+00E1><U+00E9><U+00E1>",34.855526889677,32.042294476935
"200","<U+00EC><U+00EC><U+00E0> <U+00F9><U+00E9><U+00F4><U+00E5><U+00E8> - <U+00E0><U+00E6><U+00E5><U+00F8> <U+00FA><U+00F2>""<U+00F9>","No Jurisdiction - Ta'as Area","<U+00EE><U+00F8><U+00EB><U+00E6>",34.863026348932,32.1562355073595
"201","<U+00EC><U+00EC><U+00E0> <U+00F9><U+00E9><U+00F4><U+00E5><U+00E8> - <U+00F0><U+00E7><U+00EC> <U+00E9><U+00FA><U+00EC><U+00E4>","No Jurisdiction - Nahal ytla","<U+00E9><U+00F8><U+00E5><U+00F9><U+00EC><U+00E9><U+00ED>",35.0960385896762,31.8093444865296
"202","<U+00EC>º<U+00E9><U+00E4>","Lakiye","<U+00E3><U+00F8><U+00E5><U+00ED>",34.8702174800944,31.3219362901097
"203","<U+00EE><U+00E1><U+00E5><U+00E0><U+00E5><U+00FA> <U+00E4><U+00E7><U+00F8><U+00EE><U+00E5><U+00EF>","Mevo'ot Hahermon","<U+00F6><U+00F4><U+00E5><U+00EF>",35.5662367469499,33.0573524308818
"204","<U+00EE><U+00E1><U+00F9><U+00F8><U+00FA> <U+00F6><U+00E9><U+00E5><U+00EF>","Mevaseret Tsiyon","<U+00E9><U+00F8><U+00E5><U+00F9><U+00EC><U+00E9><U+00ED>",35.1507233661679,31.7990122562804
"205","<U+00EE><U+00E2>'<U+00E3> <U+00E0><U+00EC> <U+00EB><U+00F8><U+00E5><U+00ED>","Majd al Kerum","<U+00F6><U+00F4><U+00E5><U+00EF>",35.2425233768918,32.9164464864736
"206","<U+00EE><U+00E2>'<U+00E3><U+00EC> <U+00F9><U+00EE><U+00F1>","Majdel Shams","<U+00F6><U+00F4><U+00E5><U+00EF>",35.7720585403769,33.2645013292723
"207","<U+00EE><U+00E2><U+00E3><U+00EC>","Migdal","<U+00F6><U+00F4><U+00E5><U+00EF>",35.4983297825418,32.8400159459282
"208","<U+00EE><U+00E2><U+00E3><U+00EC> <U+00E4><U+00F2><U+00EE>º","Migdal Ha'emek","<U+00F6><U+00F4><U+00E5><U+00EF>",35.2440806487813,32.6817159855521
"209","<U+00EE><U+00E2><U+00E3><U+00EC> <U+00FA><U+00F4><U+00EF>","Migdal Tefen","<U+00F6><U+00F4><U+00E5><U+00EF>",35.2761851198589,32.9754951933078
"210","<U+00EE><U+00E2><U+00E9><U+00E3><U+00E5>","Megido","<U+00F6><U+00F4><U+00E5><U+00EF>",35.1290873472426,32.5941471093903
"211","<U+00EE><U+00E5><U+00E3><U+00E9><U+00F2><U+00E9><U+00EF> - <U+00EE><U+00EB><U+00E1><U+00E9><U+00ED> - <U+00F8><U+00F2><U+00E5><U+00FA>","Modi'in - Makabim - Re'ut","<U+00EE><U+00F8><U+00EB><U+00E6>",34.9899804574158,31.8970425074515
"212","<U+00EE><U+00E6><U+00EB><U+00F8><U+00FA> <U+00E1><U+00FA><U+00E9><U+00E4>","Mazkeret Batya","<U+00EE><U+00F8><U+00EB><U+00E6>",34.8426362298291,31.8407396734984
"213","<U+00EE><U+00E6><U+00F8><U+00F2><U+00E4>","Mazra'a","<U+00F6><U+00F4><U+00E5><U+00EF>",35.101984592581,32.983866826607
"214","<U+00EE><U+00E8><U+00E4> <U+00E0><U+00F9><U+00F8>","Ma'te Asher","<U+00F6><U+00F4><U+00E5><U+00EF>",35.1554591054347,32.9863651077944
"215","<U+00EE><U+00E8><U+00E4> <U+00E9><U+00E4><U+00E5><U+00E3><U+00E4>","Ma'te Yehuda","<U+00E9><U+00F8><U+00E5><U+00F9><U+00EC><U+00E9><U+00ED>",34.9886838176799,31.7472194451413
"216","<U+00EE><U+00E8><U+00E5><U+00EC><U+00E4>","Metula","<U+00F6><U+00F4><U+00E5><U+00EF>",35.5746974016646,33.2675993822866
"217","<U+00EE><U+00E9><U+00FA><U+00F8>","Meitar","<U+00E3><U+00F8><U+00E5><U+00ED>",34.9601510345939,31.3282579626997
"218","<U+00EE><U+00F0><U+00F9><U+00E4>","Menashe","<U+00E7><U+00E9><U+00F4><U+00E4>",35.0286002131267,32.467489197139
"219","<U+00EE><U+00F1><U+00F2><U+00E3><U+00E4>","Mas'ade","<U+00F6><U+00F4><U+00E5><U+00EF>",35.770933824217,33.2306928253576
"220","<U+00EE><U+00F2><U+00E9><U+00EC><U+00E9><U+00E0>","Mi'ilya","<U+00F6><U+00F4><U+00E5><U+00EF>",35.2581917036733,33.0271953088014
"221","<U+00EE><U+00F2><U+00EC><U+00E4> <U+00E9><U+00E5><U+00F1><U+00F3>","Ma'ale Yosef","<U+00F6><U+00F4><U+00E5><U+00EF>",35.2796702496286,33.0468114414243
"222","<U+00EE><U+00F2><U+00EC><U+00E4> <U+00F2><U+00E9><U+00F8><U+00E5><U+00EF>","Ma'ale I'ron","<U+00E7><U+00E9><U+00F4><U+00E4>",35.1665171477892,32.5508017939732
"223","<U+00EE><U+00F2><U+00EC><U+00E5><U+00FA> - <U+00FA><U+00F8><U+00F9><U+00E9><U+00E7><U+00E0>","Ma'alot - Tarshiha","<U+00F6><U+00F4><U+00E5><U+00EF>",35.2771165303494,33.0127940853391
"224","<U+00EE><U+00F6><U+00F4><U+00E4> <U+00F8><U+00EE><U+00E5><U+00EF>","Mitspe Ramon","<U+00E3><U+00F8><U+00E5><U+00ED>",34.8155435529548,30.6257272731166
"225","<U+00EE><U+00F8><U+00E0><U+00F8>","Merar","<U+00F6><U+00F4><U+00E5><U+00EF>",35.4120552464105,32.8751769038095
"226","<U+00EE><U+00F8><U+00E5><U+00ED> <U+00E4><U+00E2><U+00EC><U+00E9><U+00EC>","Merom Hagalil","<U+00F6><U+00F4><U+00E5><U+00EF>",35.4593574652401,32.9782597244118
"227","<U+00EE><U+00F8><U+00E7><U+00E1><U+00E9><U+00ED>","Merhavim","<U+00E3><U+00F8><U+00E5><U+00ED>",34.6252192921677,31.2806261662113
"228","<U+00EE><U+00F9><U+00E2><U+00E1>","Misgav","<U+00F6><U+00F4><U+00E5><U+00EF>",35.2761570594393,32.8779391467113
"229","<U+00EE><U+00F9><U+00E4><U+00E3>","Mishad","<U+00F6><U+00F4><U+00E5><U+00EF>",35.3219665274741,32.7502754204929
"230","<U+00F0><U+00E0><U+00E5><U+00FA> <U+00E7><U+00E5><U+00E1><U+00E1>","Neot Hovav","<U+00E3><U+00F8><U+00E5><U+00ED>",34.7743665447908,31.1402538080132
"231","<U+00F0><U+00E4><U+00F8><U+00E9><U+00E4>","Nahariya","<U+00F6><U+00F4><U+00E5><U+00EF>",35.1049484259723,33.0129667219672
"232","<U+00F0><U+00E5><U+00E5><U+00E4> <U+00EE><U+00E3><U+00E1><U+00F8>","Neve Midbar","<U+00E3><U+00F8><U+00E5><U+00ED>",34.9043220888557,31.1222680133854
"233","<U+00F0><U+00E7><U+00EC> <U+00F9><U+00E5><U+00F8>º","Nahal Sorek","<U+00EE><U+00F8><U+00EB><U+00E6>",34.8181097534404,31.7985004792987
"234","<U+00F0><U+00E7><U+00F3>","Nahef","<U+00F6><U+00F4><U+00E5><U+00EF>",35.3131494193924,32.9350357217452
"235","<U+00F0><U+00F1> <U+00F6><U+00E9><U+00E5><U+00F0><U+00E4>","Nes Tsiyona","<U+00EE><U+00F8><U+00EB><U+00E6>",34.7924966511099,31.9223053924681
"236","<U+00F0><U+00F6><U+00F8><U+00FA>","Natsrat (Nazareth)","<U+00F6><U+00F4><U+00E5><U+00EF>",35.2902484780972,32.7040213612184
"237","<U+00F0><U+00F6><U+00F8><U+00FA> <U+00F2><U+00E9><U+00EC><U+00E9><U+00FA>","Natsrat Ilit","<U+00F6><U+00F4><U+00E5><U+00EF>",35.3465354881431,32.718371538399
"238","<U+00F0><U+00F9><U+00F8>","Nesher","<U+00E7><U+00E9><U+00F4><U+00E4>",35.043070800761,32.7657418397282
"239","<U+00F0><U+00FA><U+00E9><U+00E1><U+00E5><U+00FA>","Netivot","<U+00E3><U+00F8><U+00E5><U+00ED>",34.5761756331615,31.4251244587018
"240","<U+00F0><U+00FA><U+00F0><U+00E9><U+00E4>","Netanya","<U+00EE><U+00F8><U+00EB><U+00E6>",34.8580985937219,32.3056525426142
"241","<U+00F1><U+00E0><U+00E2>'<U+00E5><U+00F8>","Sajur","<U+00F6><U+00F4><U+00E5><U+00EF>",35.3416219885509,32.9398132054964
"242","<U+00F1><U+00E1><U+00E9><U+00E5><U+00EF>","Savyon","<U+00EE><U+00F8><U+00EB><U+00E6>",34.8782865278776,32.0467121806787
"243","<U+00F1><U+00E7>'<U+00F0><U+00E9><U+00EF>","Sah'nin","<U+00F6><U+00F4><U+00E5><U+00EF>",35.3101826259475,32.8644202628543
"244","<U+00F2><U+00E5><U+00EE><U+00F8>","Omer","<U+00E3><U+00F8><U+00E5><U+00ED>",34.8480241218546,31.2757073493644
"245","<U+00F2><U+00E5><U+00F1><U+00F4><U+00E9><U+00E9><U+00E0>","Osfiya","<U+00E7><U+00E9><U+00F4><U+00E4>",35.063326667446,32.7176583479071
"246","<U+00F2><U+00E9><U+00EC><U+00E1><U+00E5><U+00EF>","Ilabun","<U+00F6><U+00F4><U+00E5><U+00EF>",35.4006551686931,32.841845806113
"247","<U+00F2><U+00E9><U+00EC><U+00E5><U+00E8>","Ilut","<U+00F6><U+00F4><U+00E5><U+00EF>",35.2621816263447,32.7191271036837
"248","<U+00F2><U+00E9><U+00EF> <U+00EE><U+00E0><U+00E4><U+00EC>","Eyn Mahel","<U+00F6><U+00F4><U+00E5><U+00EF>",35.3550019091592,32.7188461677628
"249","<U+00F2><U+00E9><U+00EF> º<U+00E9><U+00F0><U+00E9><U+00E4>","Eyn Kinya","<U+00F6><U+00F4><U+00E5><U+00EF>",35.7346937447813,33.2383419009774
"250","<U+00F2><U+00EB><U+00E5>","Ako (Acre)","<U+00F6><U+00F4><U+00E5><U+00EF>",35.0882695712397,32.9215873871922
"251","<U+00F2><U+00EE>º <U+00E4><U+00E9><U+00F8><U+00E3><U+00EF>","Emek Hayarden","<U+00F6><U+00F4><U+00E5><U+00EF>",35.5616576574017,32.745459949923
"252","<U+00F2><U+00EE>º <U+00E4><U+00EE><U+00F2><U+00E9><U+00E9><U+00F0><U+00E5><U+00FA>","Emek Hama'ayanot","<U+00F6><U+00F4><U+00E5><U+00EF>",35.50808548501,32.4974011246326
"253","<U+00F2><U+00EE>º <U+00E7><U+00F4><U+00F8>","Emek Hefer","<U+00EE><U+00F8><U+00EB><U+00E6>",34.9402916908639,32.3621700341113
"254","<U+00F2><U+00EE>º <U+00E9><U+00E6><U+00F8><U+00F2><U+00E0><U+00EC>","Emek Yizrael","<U+00F6><U+00F4><U+00E5><U+00EF>",35.2527628832681,32.6809114560241
"255","<U+00F2><U+00EE>º <U+00EC><U+00E5><U+00E3>","Emek Lod","<U+00EE><U+00F8><U+00EB><U+00E6>",34.8570611606643,31.9865076651165
"256","<U+00F2><U+00F4><U+00E5><U+00EC><U+00E4>","Afula","<U+00F6><U+00F4><U+00E5><U+00EF>",35.3060008395451,32.6121316216441
"257","<U+00F2><U+00F8><U+00E0><U+00E1><U+00E4>","Ara'be","<U+00F6><U+00F4><U+00E5><U+00EF>",35.3395304809578,32.8539659695064
"258","<U+00F2><U+00F8><U+00E3>","Arad","<U+00E3><U+00F8><U+00E5><U+00ED>",35.2020493713069,31.2615518977236
"259","<U+00F2><U+00F8><U+00F2><U+00F8><U+00E4>","Ar'ara","<U+00E7><U+00E9><U+00F4><U+00E4>",35.0922345955997,32.5016204259602
"260","<U+00F2><U+00F8><U+00F2><U+00F8><U+00E4> <U+00E1><U+00F0><U+00E2><U+00E1>","Ar'ara Banegev","<U+00E3><U+00F8><U+00E5><U+00ED>",35.0186400829534,31.1555039670171
"261","<U+00F4><U+00E5><U+00F8><U+00E9><U+00E9><U+00E3><U+00E9><U+00F1>","Furaydis","<U+00E7><U+00E9><U+00F4><U+00E4>",34.9520629933169,32.5978983418216
"262","<U+00F4><U+00F1><U+00E5><U+00E8><U+00E4>","Fasuta","<U+00F6><U+00F4><U+00E5><U+00EF>",35.3072960412025,33.0520785634257
"263","<U+00F4><U+00F8><U+00E3><U+00F1> <U+00E7><U+00F0><U+00E4> - <U+00EB><U+00F8><U+00EB><U+00E5><U+00F8>","Pardes Hana - Karkur","<U+00E7><U+00E9><U+00F4><U+00E4>",34.9733299559056,32.4749838793601
"264","<U+00F4><U+00F8><U+00E3><U+00F1><U+00E9><U+00E4>","Pardesiya","<U+00EE><U+00F8><U+00EB><U+00E6>",34.9092189038458,32.3076603026583
"265","<U+00F4><U+00FA><U+00E7> <U+00FA>º<U+00E5><U+00E5><U+00E4>","Petah Tikva","<U+00EE><U+00F8><U+00EB><U+00E6>",34.8855614806938,32.0949207974963
"266","<U+00F4>º<U+00E9><U+00F2><U+00E9><U+00EF> (<U+00E1><U+00E5>º<U+00E9><U+00E9><U+00F2><U+00E4>)","Pki'in (Buke'a)","<U+00F6><U+00F4><U+00E5><U+00EF>",35.3270034400225,32.9727976247207
"267","<U+00F6><U+00F4><U+00FA>","Tsefat","<U+00F6><U+00F4><U+00E5><U+00EF>",35.5045244627005,32.9561160322247
"268","<U+00F8><U+00E0><U+00EE><U+00E4>","Ra'me","<U+00F6><U+00F4><U+00E5><U+00EF>",35.3719660275963,32.9331873607232
"269","<U+00F8><U+00E0><U+00F9> <U+00E4><U+00F2><U+00E9><U+00EF>","Rosh Ha'ayin","<U+00EE><U+00F8><U+00EB><U+00E6>",34.963185167918,32.093416987212
"270","<U+00F8><U+00E0><U+00F9> <U+00F4><U+00E9><U+00F0><U+00E4>","Rosh Pina","<U+00F6><U+00F4><U+00E5><U+00EF>",35.5620948772729,32.984306392714
"271","<U+00F8><U+00E0><U+00F9><U+00E5><U+00EF> <U+00EC><U+00F6><U+00E9><U+00E5><U+00EF>","Rishon Letsiyon","<U+00EE><U+00F8><U+00EB><U+00E6>",34.7809839102989,31.9704884277357
"272","<U+00F8><U+00E2>'<U+00F8>","Rajar","<U+00F6><U+00F4><U+00E5><U+00EF>",35.6317569177414,33.2695755505385
"273","<U+00F8><U+00E4><U+00E8>","Rahat","<U+00E3><U+00F8><U+00E5><U+00ED>",34.7581010628182,31.386892839538
"274","<U+00F8><U+00E7><U+00E5><U+00E1><U+00E5><U+00FA>","Rehovot","<U+00EE><U+00F8><U+00EB><U+00E6>",34.809571974693,31.8954518819872
"275","<U+00F8><U+00E9><U+00E9><U+00F0><U+00E4>","Reyne","<U+00F6><U+00F4><U+00E5><U+00EF>",35.3058465890563,32.7287743267467
"276","<U+00F8><U+00EB><U+00F1><U+00E9><U+00ED>","Rehasim","<U+00E7><U+00E9><U+00F4><U+00E4>",35.1090063523688,32.7496747099413
"277","<U+00F8><U+00EE><U+00EC><U+00E4>","Ramla","<U+00EE><U+00F8><U+00EB><U+00E6>",34.8707353551886,31.9271313601961
"278","<U+00F8><U+00EE><U+00FA> <U+00E2><U+00EF>","Ramat Gan","<U+00FA><U+00EC> <U+00E0><U+00E1><U+00E9><U+00E1>",34.827677701766,32.0641006244058
"279","<U+00F8><U+00EE><U+00FA> <U+00E4><U+00F9><U+00F8><U+00E5><U+00EF>","Ramat Hasharon","<U+00FA><U+00EC> <U+00E0><U+00E1><U+00E9><U+00E1>",34.8345314293436,32.1357199490122
"280","<U+00F8><U+00EE><U+00FA> <U+00E9><U+00F9><U+00E9>","Ramat Yishay","<U+00F6><U+00F4><U+00E5><U+00EF>",35.1687559903132,32.7056974630499
"281","<U+00F8><U+00EE><U+00FA> <U+00F0><U+00E2><U+00E1>","Ramat Negev","<U+00E3><U+00F8><U+00E5><U+00ED>",34.7218071611741,30.7781388472158
"282","<U+00F8><U+00F2><U+00F0><U+00F0><U+00E4>","Ra'anana","<U+00EE><U+00F8><U+00EB><U+00E6>",34.8667009314759,32.1894389375462
"283","<U+00F9><U+00E1><U+00EC><U+00E9> - <U+00E0><U+00E5><U+00ED> <U+00E0><U+00EC> <U+00F8><U+00F0><U+00ED>","Shibli - Um al Ranem","<U+00F6><U+00F4><U+00E5><U+00EF>",35.3984303084389,32.687059326854
"284","<U+00F9><U+00E2><U+00E1> <U+00F9><U+00EC><U+00E5><U+00ED>","Segev Shalom","<U+00E3><U+00F8><U+00E5><U+00ED>",34.839865231122,31.1996888963401
"285","<U+00F9><U+00E3><U+00E5><U+00FA> <U+00F0><U+00E2><U+00E1>","Sdot Negev","<U+00E3><U+00F8><U+00E5><U+00ED>",34.5611142302864,31.422343735053
"286","<U+00F9><U+00E3><U+00F8><U+00E5><U+00FA>","Sderot","<U+00E3><U+00F8><U+00E5><U+00ED>",34.5959046960067,31.5287782135389
"287","<U+00F9><U+00E4><U+00ED>","Shoham","<U+00EE><U+00F8><U+00EB><U+00E6>",34.9518126329084,31.9993271485429
"288","<U+00F9><U+00EC><U+00E5><U+00EE><U+00E9>","Shelomi","<U+00F6><U+00F4><U+00E5><U+00EF>",35.1471515655742,33.0717381135678
"289","<U+00F9><U+00F2><U+00E1>","Sha'ab","<U+00F6><U+00F4><U+00E5><U+00EF>",35.225340826336,32.8926971373152
"290","<U+00F9><U+00F2><U+00F8> <U+00E4><U+00F0><U+00E2><U+00E1>","Sha'ar Hanegev","<U+00E3><U+00F8><U+00E5><U+00ED>",34.6173805180115,31.5102983439097
"291","<U+00F9><U+00F4><U+00E9><U+00F8>","Shafir","<U+00E3><U+00F8><U+00E5><U+00ED>",34.7359091439209,31.6337689133319
"292","<U+00F9><U+00F4><U+00F8><U+00F2><U+00ED>","Shfar'am","<U+00F6><U+00F4><U+00E5><U+00EF>",35.1774748540914,32.8020796168989
"293","<U+00FA><U+00EC> <U+00E0><U+00E1><U+00E9><U+00E1> - <U+00E9><U+00F4><U+00E5>","Tel Aviv - Yafo","<U+00FA><U+00EC> <U+00E0><U+00E1><U+00E9><U+00E1>",34.791445123094,32.0844072856734
"294","<U+00FA><U+00EC> <U+00EE><U+00E5><U+00F0><U+00E3>","Tel Mond","<U+00EE><U+00F8><U+00EB><U+00E6>",34.9057956388612,32.2423123484786
"295","<U+00FA><U+00EC> <U+00F9><U+00E1><U+00F2>","Tel Sheva","<U+00E3><U+00F8><U+00E5><U+00ED>",34.8670807085442,31.2489233750909
"296","<U+00FA><U+00EE><U+00F8>","Tamar","<U+00E3><U+00F8><U+00E5><U+00ED>",35.3045530450558,31.1454357143529
"297","º<U+00E3><U+00E9><U+00EE><U+00E4> - <U+00F6><U+00E5><U+00F8><U+00EF>","Kadima - Tsoran","<U+00EE><U+00F8><U+00EB><U+00E6>",34.9131072652958,32.2830015368653
"298","º<U+00EC><U+00F0><U+00F1><U+00E5><U+00E5><U+00E4>","Kalanswa","<U+00EE><U+00F8><U+00EB><U+00E6>",34.9772037562664,32.292543070446
"299","º<U+00F6><U+00F8><U+00E9><U+00EF>","Katserin","<U+00F6><U+00F4><U+00E5><U+00EF>",35.696267535956,32.992903753888
"300","º<U+00F8><U+00E9><U+00FA> <U+00E0><U+00E5><U+00F0><U+00E5>","Kiryat Ono","<U+00FA><U+00EC> <U+00E0><U+00E1><U+00E9><U+00E1>",34.8580571585244,32.0571284076804
"301","º<U+00F8><U+00E9><U+00FA> <U+00E0><U+00FA><U+00E0>","Kiryat Ata","<U+00E7><U+00E9><U+00F4><U+00E4>",35.107272453323,32.8059414327065
"302","º<U+00F8><U+00E9><U+00FA> <U+00E0><U+00FA><U+00E0>","Kiryat Ata","<U+00F6><U+00F4><U+00E5><U+00EF>",35.1543966594168,32.8261510345401
"303","º<U+00F8><U+00E9><U+00FA> <U+00E1><U+00E9><U+00E0><U+00EC><U+00E9>º","Kiryat Biyalik","<U+00E7><U+00E9><U+00F4><U+00E4>",35.0960241429601,32.8413854731562
"304","º<U+00F8><U+00E9><U+00FA> <U+00E2><U+00FA>","Kiryat Gat","<U+00E3><U+00F8><U+00E5><U+00ED>",34.7747825116949,31.6071117051233
"305","º<U+00F8><U+00E9><U+00FA> <U+00E8><U+00E1><U+00F2><U+00E5><U+00EF>","Kiryat Tiv'on","<U+00E7><U+00E9><U+00F4><U+00E4>",35.1224063929105,32.7138085900168
"306","º<U+00F8><U+00E9><U+00FA> <U+00E9><U+00ED>","Kiryat Yam","<U+00E7><U+00E9><U+00F4><U+00E4>",35.0717835190113,32.8498787752544
"307","º<U+00F8><U+00E9><U+00FA> <U+00E9><U+00F2><U+00F8><U+00E9><U+00ED>","Kiryat Ye'arim","<U+00E9><U+00F8><U+00E5><U+00F9><U+00EC><U+00E9><U+00ED>",35.0996970040696,31.8034561768228
"308","º<U+00F8><U+00E9><U+00FA> <U+00EE><U+00E5><U+00F6>º<U+00E9><U+00EF>","Kiryat Motskin","<U+00E7><U+00E9><U+00F4><U+00E4>",35.0830574260445,32.8423652387775
"309","º<U+00F8><U+00E9><U+00FA> <U+00EE><U+00EC><U+00E0><U+00EB><U+00E9>","Kiryat Mal'ahi","<U+00E3><U+00F8><U+00E5><U+00ED>",34.748742087296,31.7294879054586
"310","º<U+00F8><U+00E9><U+00FA> <U+00F2>º<U+00F8><U+00E5><U+00EF>","Kiryat Ekron","<U+00EE><U+00F8><U+00EB><U+00E6>",34.8215544515573,31.8618649290548
"311","º<U+00F8><U+00E9><U+00FA> <U+00F9><U+00EE><U+00E5><U+00F0><U+00E4>","Kiryat Shemona","<U+00F6><U+00F4><U+00E5><U+00EF>",35.5741226982432,33.2127039720213
